<?xml version="1.0" encoding="UTF-8"?>
<project-private xmlns="http://www.netbeans.org/ns/project-private/1">
    <editor-bookmarks xmlns="http://www.netbeans.org/ns/editor-bookmarks/2" lastBookmarkId="0"/>
    <open-files xmlns="http://www.netbeans.org/ns/projectui-open-files/2">
        <group>
            <file>file:/C:/universidad%202017/Validacion/servicio%20Web%20Suma/ServicioRestSuma/web/index.html</file>
            <file>file:/C:/universidad%202017/Validacion/servicio%20Web%20Suma/ServicioRestSuma/src/java/Suma.java</file>
            <file>file:/C:/universidad%202017/Validacion/servicio%20Web%20Suma/ServicioRestSuma/src/java/CofiguracionRest.java</file>
        </group>
    </open-files>
</project-private>
